{
    "trace_size": 63,
    "height": 82,
    "width": 63,
    "grid_type": "earnings",
    "operation_type": "W/L",
    "alpha_plus": 0.027291319846062076,
    "alpha_minus": 5,
    "eliminate_noise_thold": 0.05676081903426396,
    "test_accuracy": 49.152542372881356,
    "test_participation": 48.49315068493151,
    "test_acc_above": 49.152542372881356,
    "test_part_above": 48.49315068493151,
    "test_acc_below": 0,
    "test_part_below": 0.0,
    "val_criteria10_above": 0.1452585636602935
}