{
    "trace_size": 25,
    "height": 1,
    "width": 25,
    "grid_type": "wins",
    "operation_type": "W-L",
    "alpha_plus": 1,
    "alpha_minus": 1,
    "eliminate_noise_thold": 0.008817879563939568,
    "test_accuracy": 44.78021978021978,
    "test_participation": 99.72602739726027,
    "test_acc_above": 42.331288343558285,
    "test_part_above": 44.657534246575345,
    "test_acc_below": 46.766169154228855,
    "test_part_below": 55.06849315068493,
    "val_criteria10": 0.0,
    "val_acc": 0.0
}