{
    "trace_size": 22,
    "height": 3,
    "width": 22,
    "grid_type": "wins",
    "operation_type": "W-L",
    "alpha_plus": 1,
    "alpha_minus": 1,
    "eliminate_noise_thold": 0.00978211408853403,
    "test_accuracy": 57.2463768115942,
    "test_participation": 37.80821917808219,
    "test_acc_above": 0,
    "test_part_above": 0.0,
    "test_acc_below": 57.2463768115942,
    "test_part_below": 37.80821917808219,
    "val_criteria10": 0.012180267965895258,
    "val_acc": 44.04962068896495
}