{
    "trace_size": 13,
    "height": 75,
    "width": 13,
    "grid_type": "wins",
    "operation_type": "W-L",
    "alpha_plus": 1,
    "alpha_minus": 1,
    "eliminate_noise_thold": 0.0018630822650537115,
    "test_accuracy": 58.888888888888886,
    "test_participation": 24.65753424657534,
    "test_acc_above": 63.013698630136986,
    "test_part_above": 20.0,
    "test_acc_below": 41.1764705882353,
    "test_part_below": 4.657534246575342,
    "val_criteria10": 0.03953771289537712,
    "val_acc": 52.39027977632466
}