{
    "trace_size": 22,
    "height": 25,
    "width": 22,
    "grid_type": "wins",
    "operation_type": "W-L",
    "alpha_plus": 1,
    "alpha_minus": 1,
    "eliminate_noise_thold": 0.007054981615050504,
    "test_accuracy": 64.12213740458016,
    "test_participation": 35.89041095890411,
    "test_acc_above": 56.09756097560975,
    "test_part_above": 11.232876712328768,
    "test_acc_below": 67.77777777777777,
    "test_part_below": 24.65753424657534,
    "val_criteria10": 0.033495736906211965,
    "val_acc": 50.93581655699159
}