{
    "trace_size": 21,
    "height": 67,
    "width": 21,
    "grid_type": "wins",
    "operation_type": "W-L",
    "alpha_plus": 1,
    "alpha_minus": 1,
    "eliminate_noise_thold": 0.005502646397876098,
    "test_accuracy": 66.66666666666667,
    "test_participation": 31.232876712328768,
    "test_acc_above": 77.77777777777777,
    "test_part_above": 12.32876712328767,
    "test_acc_below": 59.42028985507246,
    "test_part_below": 18.904109589041095,
    "val_criteria10": 0.07917174177831914,
    "val_acc": 55.05238947099412
}