{
    "trace_size": 22,
    "height": 61,
    "width": 22,
    "grid_type": "wins",
    "operation_type": "W-L",
    "alpha_plus": 1,
    "alpha_minus": 1,
    "eliminate_noise_thold": 0.0001369648750141337,
    "test_accuracy": 69.23076923076923,
    "test_participation": 3.5616438356164384,
    "test_acc_above": 62.5,
    "test_part_above": 2.191780821917808,
    "test_acc_below": 80.0,
    "test_part_below": 1.36986301369863,
    "val_criteria10": 0.015225334957369083,
    "val_acc": 51.037368689730755
}