{
    "trace_size": 25,
    "height": 24,
    "width": 25,
    "grid_type": "wins",
    "operation_type": "W-L",
    "alpha_plus": 1,
    "alpha_minus": 1,
    "eliminate_noise_thold": 0.00868976578158716,
    "test_accuracy": 54.76190476190476,
    "test_participation": 11.506849315068493,
    "test_acc_above": 59.375,
    "test_part_above": 8.767123287671232,
    "test_acc_below": 40.0,
    "test_part_below": 2.73972602739726,
    "val_criteria10": 0.012195121951219542,
    "val_acc": 52.457720878773515
}