{
    "ACU": {
        "trace_size": 25,
        "height": 1,
        "width": 25,
        "grid_type": "wins",
        "operation_type": "W-L",
        "alpha_plus": 1,
        "alpha_minus": 1,
        "eliminate_noise_thold": 0.008817879563939568,
        "test_accuracy": 44.78021978021978,
        "test_participation": 99.72602739726027,
        "test_acc_above": 42.331288343558285,
        "test_part_above": 44.657534246575345,
        "test_acc_below": 46.766169154228855,
        "test_part_below": 55.06849315068493,
        "val_criteria10": 0.0,
        "val_acc": 0.0,
        "priority": 26
    },
    "AHPI": {
        "trace_size": 11,
        "height": 80,
        "width": 11,
        "grid_type": "wins",
        "operation_type": "W-L",
        "alpha_plus": 1,
        "alpha_minus": 1,
        "eliminate_noise_thold": 0.00021127702099255527,
        "test_accuracy": 52.892561983471076,
        "test_participation": 33.15068493150685,
        "test_acc_above": 47.31182795698925,
        "test_part_above": 25.47945205479452,
        "test_acc_below": 71.42857142857143,
        "test_part_below": 7.671232876712328,
        "val_criteria10": 0.024330900243309028,
        "val_acc": 51.964800066996844,
        "priority": 16
    },
    "ALOT": {
        "trace_size": 22,
        "height": 3,
        "width": 22,
        "grid_type": "wins",
        "operation_type": "W-L",
        "alpha_plus": 1,
        "alpha_minus": 1,
        "eliminate_noise_thold": 0.00978211408853403,
        "test_accuracy": 57.2463768115942,
        "test_participation": 37.80821917808219,
        "test_acc_above": 0,
        "test_part_above": 0.0,
        "test_acc_below": 57.2463768115942,
        "test_part_below": 37.80821917808219,
        "val_criteria10": 0.012180267965895258,
        "val_acc": 44.04962068896495,
        "priority": 24
    },
    "BSQR": {
        "trace_size": 25,
        "height": 14,
        "width": 25,
        "grid_type": "wins",
        "operation_type": "W-L",
        "alpha_plus": 1,
        "alpha_minus": 1,
        "eliminate_noise_thold": 0.00517102784115487,
        "test_accuracy": 47.31182795698925,
        "test_participation": 25.47945205479452,
        "test_acc_above": 40.67796610169491,
        "test_part_above": 16.164383561643834,
        "test_acc_below": 58.8235294117647,
        "test_part_below": 9.315068493150685,
        "val_criteria10": 0.054878048780487826,
        "val_acc": 55.38878465707734,
        "priority": 10
    },
    "CLWT": {
        "trace_size": 12,
        "height": 64,
        "width": 12,
        "grid_type": "wins",
        "operation_type": "W-L",
        "alpha_plus": 1,
        "alpha_minus": 1,
        "eliminate_noise_thold": 0.002262577032892602,
        "test_accuracy": 65.85365853658537,
        "test_participation": 11.232876712328768,
        "test_acc_above": 65.38461538461539,
        "test_part_above": 7.123287671232877,
        "test_acc_below": 66.66666666666667,
        "test_part_below": 4.109589041095891,
        "val_criteria10": 0.1399026763990268,
        "val_acc": 59.394841269841265,
        "priority": 5
    },
    "CSPI": {
        "trace_size": 13,
        "height": 75,
        "width": 13,
        "grid_type": "wins",
        "operation_type": "W-L",
        "alpha_plus": 1,
        "alpha_minus": 1,
        "eliminate_noise_thold": 0.0018630822650537115,
        "test_accuracy": 58.888888888888886,
        "test_participation": 24.65753424657534,
        "test_acc_above": 63.013698630136986,
        "test_part_above": 20.0,
        "test_acc_below": 41.1764705882353,
        "test_part_below": 4.657534246575342,
        "val_criteria10": 0.03953771289537712,
        "val_acc": 52.39027977632466,
        "priority": 15
    },
    "CTIB": {
        "trace_size": 17,
        "height": 98,
        "width": 17,
        "grid_type": "wins",
        "operation_type": "W-L",
        "alpha_plus": 1,
        "alpha_minus": 1,
        "eliminate_noise_thold": 0.0070711925803720365,
        "test_accuracy": 51.76470588235294,
        "test_participation": 23.28767123287671,
        "test_acc_above": 37.5,
        "test_part_above": 13.150684931506849,
        "test_acc_below": 70.27027027027027,
        "test_part_below": 10.136986301369863,
        "val_criteria10": 0.09587020648967552,
        "val_acc": 58.38083778022694,
        "priority": 6
    },
    "DAIO": {
        "trace_size": 22,
        "height": 25,
        "width": 22,
        "grid_type": "wins",
        "operation_type": "W-L",
        "alpha_plus": 1,
        "alpha_minus": 1,
        "eliminate_noise_thold": 0.007054981615050504,
        "test_accuracy": 64.12213740458016,
        "test_participation": 35.89041095890411,
        "test_acc_above": 56.09756097560975,
        "test_part_above": 11.232876712328768,
        "test_acc_below": 67.77777777777777,
        "test_part_below": 24.65753424657534,
        "val_criteria10": 0.033495736906211965,
        "val_acc": 50.93581655699159,
        "priority": 21
    },
    "DGICB": {
        "trace_size": 13,
        "height": 1,
        "width": 13,
        "grid_type": "wins",
        "operation_type": "W-L",
        "alpha_plus": 1,
        "alpha_minus": 1,
        "eliminate_noise_thold": 0.00536699448144455,
        "test_accuracy": 82.14285714285714,
        "test_participation": 99.72602739726027,
        "test_acc_above": 0.0,
        "test_part_above": 0.273972602739726,
        "test_acc_below": 82.36914600550965,
        "test_part_below": 99.45205479452055,
        "val_criteria10": 0.0,
        "val_acc": 0.0,
        "priority": 25
    },
    "EDAP": {
        "trace_size": 10,
        "height": 4,
        "width": 10,
        "grid_type": "wins",
        "operation_type": "W-L",
        "alpha_plus": 1,
        "alpha_minus": 1,
        "eliminate_noise_thold": 0.00507613832666559,
        "test_accuracy": 52.77777777777778,
        "test_participation": 49.31506849315068,
        "test_acc_above": 45.45454545454545,
        "test_part_above": 15.068493150684931,
        "test_acc_below": 56.0,
        "test_part_below": 34.24657534246575,
        "val_criteria10": 0.05467800729040098,
        "val_acc": 54.927536231884055,
        "priority": 12
    },
    "ELTK": {
        "trace_size": 12,
        "height": 47,
        "width": 12,
        "grid_type": "wins",
        "operation_type": "W-L",
        "alpha_plus": 1,
        "alpha_minus": 1,
        "eliminate_noise_thold": 0.0045150164513230165,
        "test_accuracy": 60.0,
        "test_participation": 13.698630136986301,
        "test_acc_above": 55.55555555555556,
        "test_part_above": 7.397260273972603,
        "test_acc_below": 65.21739130434783,
        "test_part_below": 6.301369863013699,
        "val_criteria10": 0.07299270072992704,
        "val_acc": 57.98389236518009,
        "priority": 8
    },
    "FONR": {
        "trace_size": 15,
        "height": 80,
        "width": 15,
        "grid_type": "wins",
        "operation_type": "W-L",
        "alpha_plus": 1,
        "alpha_minus": 1,
        "eliminate_noise_thold": 0.0038392450681231597,
        "test_accuracy": 55.55555555555556,
        "test_participation": 2.4657534246575343,
        "test_acc_above": 55.55555555555556,
        "test_part_above": 2.4657534246575343,
        "test_acc_below": 0,
        "test_part_below": 0.0,
        "val_criteria10": 0.15510948905109498,
        "val_acc": 60.53242952699475,
        "priority": 2
    },
    "HSKA": {
        "trace_size": 22,
        "height": 25,
        "width": 22,
        "grid_type": "wins",
        "operation_type": "W-L",
        "alpha_plus": 1,
        "alpha_minus": 1,
        "eliminate_noise_thold": 0.005915102071566413,
        "test_accuracy": 0,
        "test_participation": 0.0,
        "test_acc_above": 0,
        "test_part_above": 0.0,
        "test_acc_below": 0,
        "test_part_below": 0.0,