{
    "FONR": {
        "trace_size": 15,
        "height": 80,
        "width": 15,
        "grid_type": "wins",
        "operation_type": "W-L",
        "alpha_plus": 1,
        "alpha_minus": 1,
        "eliminate_noise_thold": 0.0038392450681231597,
        "test_accuracy": 55.55555555555556,
        "test_participation": 2.4657534246575343,
        "test_acc_above": 55.55555555555556,
        "test_part_above": 2.4657534246575343,
        "test_acc_below": 0,
        "test_part_below": 0.0,
        "val_criteria10": 0.15510948905109498,
        "val_acc": 60.53242952699475,
        "priority": 2
    },

    "LAKE": {
        "trace_size": 24,
        "height": 3,
        "width": 24,
        "grid_type": "wins",
        "operation_type": "W-L",
        "alpha_plus": 1,
        "alpha_minus": 1,
        "eliminate_noise_thold": 0.00921180898267418,
        "test_accuracy": 48.0,
        "test_participation": 27.397260273972602,
        "test_acc_above": 0,
        "test_part_above": 0.0,
        "test_acc_below": 48.0,
        "test_part_below": 27.397260273972602,
        "val_criteria10": 0.06402439024390247,
        "val_acc": 60.11072261072261,
        "priority": 3
    },
    "SPY": {
        "trace_size": 12,
        "height": 28,
        "width": 12,
        "grid_type": "wins",
        "operation_type": "W-L",
        "alpha_plus": 1,
        "alpha_minus": 1,
        "eliminate_noise_thold": 0.007803785574316699,
        "test_accuracy": 58.064516129032256,
        "test_participation": 8.493150684931507,
        "test_acc_above": 61.904761904761905,
        "test_part_above": 5.7534246575342465,
        "test_acc_below": 50.0,
        "test_part_below": 2.73972602739726,
        "val_criteria10": 0.0851581508515815,
        "val_acc": 60.077461389961385,
        "priority": 1
    }
}